{
  "name": "Jonas",
  "baseline_hr": 57.75629355263984,
  "baseline_mnpv": 0.017978355776859224,
  "baseline_sbp": 110.0,
  "baseline_dbp": 67.0,
  "baseline_map": 81.33333333333333,
  "sbp_coeffs": [
    0.28134926812082445,
    0.03329923604665649,
    0.005752952503576561
  ],
  "dbp_coeffs": [
    0.4242248939500131,
    -0.018074471884791665,
    -0.07282770313328904
  ],
  "map_coeffs": [
    0.3590212425915116,
    0.004582203406183179,
    -0.035974422240844794
  ],
  "r2_scores": {
    "sbp": 0.3806652880223349,
    "dbp": 0.10557182447906854,
    "map": 0.21564758501143988
  }
}