{
  "name": "Jonas",
  "baseline_hr": 57.75629355263984,
  "baseline_mnpv": 0.017978355776859224,
  "baseline_sbp": 110.0,
  "baseline_dbp": 67.0,
  "baseline_map": 81.33333333333333,
  "sbp_coeffs": [
    0.27267061881834526,
    0.037073148824578704,
    0.00838324990763975
  ],
  "dbp_coeffs": [
    0.42169804204799005,
    -0.01254374008125542,
    -0.07277365779445685
  ],
  "map_coeffs": [
    0.35347179953699104,
    0.009602461893255908,
    -0.034711222040521364
  ],
  "r2_scores": {
    "sbp": 0.3806652880223349,
    "dbp": 0.10557182447906854,
    "map": 0.21564758501143988
  }
}