{
  "name": "Jonas",
  "baseline_hr": 27.08070048745261,
  "baseline_mnpv": 0.03141882150105605,
  "baseline_sbp": 115.0,
  "baseline_dbp": 66.0,
  "baseline_map": 82.33333333333333,
  "sbp_coeffs": [
    0.26801190534219077,
    0.03935053619624718,
    -0.21735012157885378
  ],
  "dbp_coeffs": [
    0.27742235390839903,
    0.002242191451258609,
    -0.24047218293366218
  ],
  "map_coeffs": [
    0.27521779798944157,
    0.01835905089026319,
    -0.23151560407989738
  ],
  "r2_scores": {
    "sbp": 0.19960547799274087,
    "dbp": 0.019120739802395148,
    "map": 0.06677390808254946
  }
}