{
  "name": "Jonas",
  "baseline_hr": 27.08070048745261,
  "baseline_mnpv": 0.03141882150105605,
  "baseline_sbp": 115.0,
  "baseline_dbp": 66.0,
  "baseline_map": 82.33333333333333,
  "sbp_coeffs": [
    0.01194173534355945,
    0.017589299520722346,
    -0.008463606380098626
  ],
  "dbp_coeffs": [
    -0.04323663352897152,
    -0.03679614172264198,
    0.003541180716105378
  ],
  "map_coeffs": [
    -0.016477546143017354,
    -0.01185765030831583,
    -0.002356023791490098
  ],
  "r2_scores": {
    "sbp": 0.011790603386513387,
    "dbp": 0.010035390923246013,
    "map": 0.004812106900957902
  }
}