{
  "name": "Bryan",
  "baseline_hr": 76.26232600094303,
  "baseline_mnpv": 0.0071473268219109055,
  "baseline_sbp": 120.0,
  "baseline_dbp": 59.0,
  "baseline_map": 79.33333333333333,
  "sbp_coeffs": [
    0.03996196187934289,
    0.20119963395806986,
    -0.04209021425971902
  ],
  "dbp_coeffs": [
    0.2452018074079641,
    0.565761399207104,
    -0.014466640456226323
  ],
  "map_coeffs": [
    0.14610233768636108,
    0.386209236338021,
    -0.027052444048151256
  ],
  "r2_scores": {
    "sbp": 0.5566391391432634,
    "dbp": 0.6060358572423662,
    "map": 0.6608847762940717
  }
}