{
  "name": "Bryan",
  "baseline_hr": 86.20689655172414,
  "baseline_mnpv": 0.012307970060813894,
  "baseline_sbp": 120.0,
  "baseline_dbp": 62.0,
  "baseline_map": 81.33333333333333,
  "sbp_coeffs": [
    0.14544662367828715,
    -0.03503889746836608,
    0.07507175062395682
  ],
  "dbp_coeffs": [
    -0.5248787752358002,
    -0.07685361645648489,
    0.026227033380190203
  ],
  "map_coeffs": [
    -0.19097981572273162,
    -0.05757104779590687,
    0.05164188861775236
  ],
  "r2_scores": {
    "sbp": 0.18394089504857603,
    "dbp": 0.36826036752473545,
    "map": 0.12127562641663636
  }
}