{
  "name": "Sanjay",
  "baseline_hr": 29.393353836104836,
  "baseline_mnpv": 0.006069888489229969,
  "baseline_sbp": 116.0,
  "baseline_dbp": 85.0,
  "baseline_map": 95.33333333333333,
  "sbp_coeffs": [
    -0.08957805710489185,
    -0.26830248296591214,
    0.01868092664806288
  ],
  "dbp_coeffs": [
    -0.010321862302594043,
    -0.06567276347567622,
    0.016871181479520478
  ],
  "map_coeffs": [
    -0.04259956623078954,
    -0.14873326410811752,
    0.01784401997864441
  ],
  "r2_scores": {
    "sbp": 0.7022825322952474,
    "dbp": 0.005040120727919706,
    "map": 0.30337628471957523
  }
}