{
  "name": "Bryan",
  "baseline_hr": 86.20689655172414,
  "baseline_mnpv": 0.012307970060813894,
  "baseline_sbp": 120.0,
  "baseline_dbp": 62.0,
  "baseline_map": 81.33333333333333,
  "sbp_coeffs": [
    0.43094492198428014,
    -0.1183337038698934,
    0.12898465323953157
  ],
  "dbp_coeffs": [
    -1.137308246463128,
    0.06551585766520171,
    -0.08970270595212061
  ],
  "map_coeffs": [
    -0.3803928721549326,
    -0.02211664549458114,
    0.016797505546702472
  ],
  "r2_scores": {
    "sbp": 0.26472337226145404,
    "dbp": 0.06316324724946976,
    "map": 0.1183774748290849
  }
}