{
  "name": "Bryan",
  "baseline_hr": 86.20689655172414,
  "baseline_mnpv": 0.012307970060813894,
  "baseline_sbp": 120.0,
  "baseline_dbp": 62.0,
  "baseline_map": 81.33333333333333,
  "sbp_coeffs": [
    0.5143655311505977,
    -0.04922361556617853,
    0.10048290034124632
  ],
  "dbp_coeffs": [
    0.18655113910713306,
    -0.008479649033115941,
    0.09675799473352319
  ],
  "map_coeffs": [
    0.34187034190647736,
    -0.0269545043165124,
    0.09874038048912837
  ],
  "r2_scores": {
    "sbp": 0.20699356858537743,
    "dbp": 0.00028204388870034514,
    "map": 0.04500635932878483
  }
}