{
  "name": "Bryan",
  "baseline_hr": 86.20689655172414,
  "baseline_mnpv": 0.012307970060813894,
  "baseline_sbp": 120.0,
  "baseline_dbp": 62.0,
  "baseline_map": 81.33333333333333,
  "sbp_coeffs": [
    0.45915230977844973,
    -0.042106996606110954,
    0.09101631994335593
  ],
  "dbp_coeffs": [
    0.13379941576957757,
    0.019266243128081846,
    0.08691514673950278
  ],
  "map_coeffs": [
    0.28750351214008846,
    -0.009166302785958855,
    0.08900805065926219
  ],
  "r2_scores": {
    "sbp": 0.28139393274509095,
    "dbp": 0.010714794741100042,
    "map": 0.08391633728053927
  }
}