{
  "name": "Bryan",
  "baseline_hr": 86.20689655172414,
  "baseline_mnpv": 0.012307970060813894,
  "baseline_sbp": 120.0,
  "baseline_dbp": 62.0,
  "baseline_map": 81.33333333333333,
  "sbp_coeffs": [
    -0.011410268497168956,
    0.05094121071293929,
    0.009467655529895064
  ],
  "dbp_coeffs": [
    -0.2052378402297068,
    0.08630686714180377,
    0.028159868080365087
  ],
  "map_coeffs": [
    -0.11482144264971215,
    0.07038871822759495,
    0.019284990989826917
  ],
  "r2_scores": {
    "sbp": 0.049763481399426546,
    "dbp": 0.14966866356284425,
    "map": 0.11945233245915265
  }
}