{
  "name": "Bryan",
  "baseline_hr": 86.20689655172414,
  "baseline_mnpv": 0.012307970060813894,
  "baseline_sbp": 120.0,
  "baseline_dbp": 62.0,
  "baseline_map": 81.33333333333333,
  "sbp_coeffs": [
    0.4573758833620314,
    -0.12426540885921548,
    0.13558144771007058
  ],
  "dbp_coeffs": [
    -1.0442180851776652,
    0.044624321929441664,
    -0.06646871712920727
  ],
  "map_coeffs": [
    -0.32090275353264686,
    -0.035467572402000394,
    0.03164539851474083
  ],
  "r2_scores": {
    "sbp": 0.2707739829397443,
    "dbp": 0.06541615530541933,
    "map": 0.13108960902504363
  }
}