{
  "name": "Sanjay",
  "baseline_hr": 88.47532606208526,
  "baseline_mnpv": 0.0087013728991709,
  "baseline_sbp": 115.0,
  "baseline_dbp": 74.0,
  "baseline_map": 87.66666666666667,
  "sbp_coeffs": [
    -0.003084594387309808,
    -0.012756658096495786,
    0.01413296794150113
  ],
  "dbp_coeffs": [
    -0.024790660948130157,
    -0.09665026193934158,
    0.08893727402809687
  ],
  "map_coeffs": [
    -0.015242349964430095,
    -0.060490146200797096,
    0.05728438914102154
  ],
  "r2_scores": {
    "sbp": 0.0010303294078883862,
    "dbp": 0.03317748958227229,
    "map": 0.01641601104268109
  }
}