{
  "name": "Sanjay",
  "baseline_hr": 45.42586750788643,
  "baseline_mnpv": 0.010070065857042846,
  "baseline_sbp": 123.0,
  "baseline_dbp": 81.0,
  "baseline_map": 95.0,
  "sbp_coeffs": [
    -0.0038251249446097533,
    -0.010253485099057373,
    -0.05338039236651423
  ],
  "dbp_coeffs": [
    -0.02945074150398891,
    -0.08089805874080613,
    -0.0018957948770663771
  ],
  "map_coeffs": [
    -0.018243902135975036,
    -0.05034417143696213,
    -0.02356604012480264
  ],
  "r2_scores": {
    "sbp": 0.0014895027823066398,
    "dbp": 0.03324261180377752,
    "map": 0.018018849354507482
  }
}