{
  "name": "Sanjay",
  "baseline_hr": 88.47532606208526,
  "baseline_mnpv": 0.0087013728991709,
  "baseline_sbp": 115.0,
  "baseline_dbp": 74.0,
  "baseline_map": 87.66666666666667,
  "sbp_coeffs": [
    -0.010894640749191596,
    0.10638468684779237,
    0.0032993206160041137
  ],
  "dbp_coeffs": [
    -0.018453536374002138,
    0.007790114519598564,
    0.08425294005856314
  ],
  "map_coeffs": [
    -0.015079068019268341,
    0.050458550828994565,
    0.04991026959609468
  ],
  "r2_scores": {
    "sbp": 0.29409514187399466,
    "dbp": 0.04644832181700298,
    "map": 0.16404397376601054
  }
}