{
  "name": "Sanjay",
  "baseline_hr": 45.42586750788643,
  "baseline_mnpv": 0.010070065857042846,
  "baseline_sbp": 123.0,
  "baseline_dbp": 81.0,
  "baseline_map": 95.0,
  "sbp_coeffs": [
    -0.032462735349892115,
    0.028323794627703684,
    -0.04700966705033866
  ],
  "dbp_coeffs": [
    -0.06127075795399202,
    -0.02933125187174984,
    -0.0075513012677089035
  ],
  "map_coeffs": [
    -0.04848882080587149,
    -0.003979553042621201,
    -0.024123161346423963
  ],
  "r2_scores": {
    "sbp": 0.09481232141847395,
    "dbp": 0.1656571732640133,
    "map": 0.16714506207307256
  }
}