{
  "name": "Bryan",
  "baseline_hr": 86.20689655172414,
  "baseline_mnpv": 0.012307970060813894,
  "baseline_sbp": 120.0,
  "baseline_dbp": 62.0,
  "baseline_map": 81.33333333333333,
  "sbp_coeffs": [
    0.15505623786228248,
    -0.07056399221800286,
    0.06486541058558132
  ],
  "dbp_coeffs": [
    -0.5341980740382365,
    -0.08150134933378107,
    0.025668033882352614
  ],
  "map_coeffs": [
    -0.19099527808778408,
    -0.07707823725504931,
    0.046425918771688994
  ],
  "r2_scores": {
    "sbp": 0.3199012146001383,
    "dbp": 0.37286435249846184,
    "map": 0.13690533751427303
  }
}