{
  "name": "Bryan",
  "baseline_hr": 73.43491830365338,
  "baseline_mnpv": 0.010883441684831028,
  "baseline_sbp": 119.0,
  "baseline_dbp": 73.0,
  "baseline_map": 88.33333333333333,
  "sbp_coeffs": [
    0.174278400914263,
    -0.14087089168203717,
    0.010982553895974675
  ],
  "dbp_coeffs": [
    1.1784882447471408,
    -0.1297508786639263,
    -0.13407108819436228
  ],
  "map_coeffs": [
    0.6931304505132718,
    -0.13567120886280568,
    -0.06575751394675772
  ],
  "r2_scores": {
    "sbp": 0.2041415097102408,
    "dbp": 0.06248495197166104,
    "map": 0.006507301634270712
  }
}