{
  "name": "Bryan",
  "baseline_hr": 73.43491830365338,
  "baseline_mnpv": 0.010883441684831028,
  "baseline_sbp": 119.0,
  "baseline_dbp": 73.0,
  "baseline_map": 88.33333333333333,
  "sbp_coeffs": [
    -0.16759539684366326,
    0.10234023872518666,
    -0.0419124699273183
  ],
  "dbp_coeffs": [
    -0.5028841756619665,
    0.3070805496905882,
    -0.2965552532079527
  ],
  "map_coeffs": [
    -0.33521528460003763,
    0.20469543254998024,
    -0.17441124641443034
  ],
  "r2_scores": {
    "sbp": 0.13300665878044682,
    "dbp": 0.4837835434957505,
    "map": 0.35715604179028515
  }
}